<?xml version="1.0" encoding="UTF-8"?>
<classpath>
	<classpathentry kind="con" path="org.eclipse.jdt.launching.JRE_CONTAINER/org.eclipse.jdt.internal.debug.ui.launcher.StandardVMType/JavaSE-1.8"/>
	<classpathentry kind="src" path="src"/>
	<classpathentry kind="lib" path="jars/byte-buddy-1.8.3.jar"/>
	<classpathentry kind="lib" path="jars/client-combined-3.13.0-sources.jar"/>
	<classpathentry kind="lib" path="jars/client-combined-3.13.0.jar"/>
	<classpathentry kind="lib" path="jars/commons-codec-1.10.jar"/>
	<classpathentry kind="lib" path="jars/commons-exec-1.3.jar"/>
	<classpathentry kind="lib" path="jars/commons-logging-1.2.jar"/>
	<classpathentry kind="lib" path="jars/gson-2.8.4.jar"/>
	<classpathentry kind="lib" path="jars/guava-25.0-jre.jar"/>
	<classpathentry kind="lib" path="jars/httpclient-4.5.5.jar"/>
	<classpathentry kind="lib" path="jars/httpcore-4.4.9.jar"/>
	<classpathentry kind="lib" path="jars/okhttp-3.10.0.jar"/>
	<classpathentry kind="lib" path="jars/okio-1.14.1.jar"/>
	<classpathentry kind="lib" path="jars/testng.jar"/>
	<classpathentry kind="output" path="bin"/>
</classpath>
